dataset,category,M,nnz,N,reorder_method,reorder_version,reorder_ms,preprocess_ms,selection_variant_ms,selection_wall_ms,selection_harness_wall_ms,mean_kernel_ms,std_kernel_ms,end_to_end_ms,cold_exec_ms,best_variant,variant_count,variant_status,correct,max_error,failure_class,failure_detail
roadNet-CA,Sparse Uniform,1971281,5533214,64,DTC_TCA_REORDER,unknown,,,,,,,,,,,,,,,reorder_failed,"Command '['/mnt/shared/development/tariq/SATile/.venv/bin/python', '/mnt/shared/development/tariq/RA-SpMM/external/DTC-SpMM_ASPLOS24/reordering/TCA_reorder.py', '--dataset', 'roadNet-CA', '--thres', '16', '--input_npz', '/mnt/shared/development/tariq/RA-SpMM/cache/dtc_reordered/837c5405c3aa0554ef264255e44ee38edcc76b28112d277b8d0928a273f9a961_dtc_tca_reorder.input.npz', '--output_npz', '/mnt/shared/development/tariq/RA-SpMM/cache/dtc_reordered/837c5405c3aa0554ef264255e44ee38edcc76b28112d277b8d0928a273f9a961_dtc_tca_reorder.reorder.npz', '--output_perm_npz', '/mnt/shared/development/tariq/RA-SpMM/cache/dtc_reordered/837c5405c3aa0554ef264255e44ee38edcc76b28112d277b8d0928a273f9a961_dtc_tca_reorder.reorder_id.npz']' timed out after 1800 seconds"
roadNet-CA,Sparse Uniform,1971281,5533214,128,DTC_TCA_REORDER,unknown,,,,,,,,,,,,,,,reorder_failed,"Command '['/mnt/shared/development/tariq/SATile/.venv/bin/python', '/mnt/shared/development/tariq/RA-SpMM/external/DTC-SpMM_ASPLOS24/reordering/TCA_reorder.py', '--dataset', 'roadNet-CA', '--thres', '16', '--input_npz', '/mnt/shared/development/tariq/RA-SpMM/cache/dtc_reordered/837c5405c3aa0554ef264255e44ee38edcc76b28112d277b8d0928a273f9a961_dtc_tca_reorder.input.npz', '--output_npz', '/mnt/shared/development/tariq/RA-SpMM/cache/dtc_reordered/837c5405c3aa0554ef264255e44ee38edcc76b28112d277b8d0928a273f9a961_dtc_tca_reorder.reorder.npz', '--output_perm_npz', '/mnt/shared/development/tariq/RA-SpMM/cache/dtc_reordered/837c5405c3aa0554ef264255e44ee38edcc76b28112d277b8d0928a273f9a961_dtc_tca_reorder.reorder_id.npz']' timed out after 1800 seconds"
roadNet-PA,Sparse Uniform,1090920,3083796,64,DTC_TCA_REORDER,unknown,,,,,,,,,,,,,,,reorder_failed,reorder_failed: rc=-6 detail=reach row:  1000
roadNet-PA,Sparse Uniform,1090920,3083796,128,DTC_TCA_REORDER,unknown,,,,,,,,,,,,,,,reorder_failed,reorder_failed: rc=-6 detail=reach row:  1000
roadNet-PA,Sparse Uniform,1090920,3083796,256,DTC_TCA_REORDER,unknown,,,,,,,,,,,,,,,reorder_failed,reorder_failed: rc=-6 detail=reach row:  1000
roadNet-PA,Sparse Uniform,1090920,3083796,512,DTC_TCA_REORDER,unknown,,,,,,,,,,,,,,,reorder_failed,reorder_failed: rc=-6 detail=reach row:  1000
roadNet-TX,Sparse Uniform,1393383,3843320,64,DTC_TCA_REORDER,unknown,,,,,,,,,,,,,,,reorder_failed,reorder_failed: rc=-6 detail=reach row:  1000
roadNet-TX,Sparse Uniform,1393383,3843320,128,DTC_TCA_REORDER,unknown,,,,,,,,,,,,,,,reorder_failed,reorder_failed: rc=-6 detail=reach row:  1000
Amazon0601,Sparse Uniform,403394,3387388,64,DTC_TCA_REORDER,66eca266bde1f3faf5f8ef7a054db2391b50e27d,912578.284,5.669,12.321,12303.266,105942.896,0.494634,0.000316,0.778277,0.494634,nobal_float4_nonsplit,5,nobal_float_nonsplit=ok;nobal_float2_nonsplit=ok;nobal_float4_nonsplit=ok;bal_float_nonsplit=dtc_no_strictly_correct_variant;nobal_float2_split=ok,True,0.00494074821472168,,
Amazon0601,Sparse Uniform,403394,3387388,128,DTC_TCA_REORDER,66eca266bde1f3faf5f8ef7a054db2391b50e27d,912578.284,5.906,30.695,30688.42,199364.346,0.985687,0.000271,3.085907,2.664618,nobal_float4_nonsplit,7,nobal_float_nonsplit=ok;nobal_float2_nonsplit=ok;nobal_float4_nonsplit=ok;bal_float_nonsplit=dtc_no_strictly_correct_variant;nobal_float2_split=ok;nobal_float4_split=ok;bal_float4_split=dtc_no_strictly_correct_variant,True,0.004598140716552734,,
Amazon0601,Sparse Uniform,403394,3387388,256,DTC_TCA_REORDER,66eca266bde1f3faf5f8ef7a054db2391b50e27d,912578.284,5.851,64.007,63980.31,309509.767,1.957598,0.000348,8.201103,5.991716,nobal_float4_split,7,nobal_float_nonsplit=ok;nobal_float2_nonsplit=ok;nobal_float4_nonsplit=ok;bal_float_nonsplit=dtc_no_strictly_correct_variant;nobal_float2_split=ok;nobal_float4_split=ok;bal_float4_split=dtc_no_strictly_correct_variant,True,0.004383087158203125,,
Amazon0601,Sparse Uniform,403394,3387388,512,DTC_TCA_REORDER,66eca266bde1f3faf5f8ef7a054db2391b50e27d,912578.284,5.97,151.293,151185.503,592184.99,3.913487,0.000512,3.913487,5.585166,nobal_float4_split,7,nobal_float_nonsplit=ok;nobal_float2_nonsplit=ok;nobal_float4_nonsplit=ok;bal_float_nonsplit=dtc_no_strictly_correct_variant;nobal_float2_split=ok;nobal_float4_split=ok;bal_float4_split=dtc_no_strictly_correct_variant,True,0.00464630126953125,,
web-Google,Sparse Uniform,916428,5105039,64,DTC_TCA_REORDER,unknown,,,,,,,,,,,,,,,reorder_failed,reorder_failed: rc=-6 detail=reach row:  1000
web-Google,Sparse Uniform,916428,5105039,128,DTC_TCA_REORDER,unknown,,,,,,,,,,,,,,,reorder_failed,reorder_failed: rc=-6 detail=reach row:  1000
web-Google,Sparse Uniform,916428,5105039,256,DTC_TCA_REORDER,unknown,,,,,,,,,,,,,,,reorder_failed,reorder_failed: rc=-6 detail=reach row:  1000
web-Google,Sparse Uniform,916428,5105039,512,DTC_TCA_REORDER,unknown,,,,,,,,,,,,,,,reorder_failed,reorder_failed: rc=-6 detail=reach row:  1000
web-Stanford,Sparse Uniform,281904,2312497,64,DTC_TCA_REORDER,unknown,,,,,,,,,,,,,,,reorder_failed,"Command '['/mnt/shared/development/tariq/SATile/.venv/bin/python', '/mnt/shared/development/tariq/RA-SpMM/external/DTC-SpMM_ASPLOS24/reordering/TCA_reorder.py', '--dataset', 'web-Stanford', '--thres', '16', '--input_npz', '/mnt/shared/development/tariq/RA-SpMM/cache/dtc_reordered/4a995b59b188e02da70da792fe56a9da99c3814b835a71714c7536d160ad0354_dtc_tca_reorder.input.npz', '--output_npz', '/mnt/shared/development/tariq/RA-SpMM/cache/dtc_reordered/4a995b59b188e02da70da792fe56a9da99c3814b835a71714c7536d160ad0354_dtc_tca_reorder.reorder.npz', '--output_perm_npz', '/mnt/shared/development/tariq/RA-SpMM/cache/dtc_reordered/4a995b59b188e02da70da792fe56a9da99c3814b835a71714c7536d160ad0354_dtc_tca_reorder.reorder_id.npz']' timed out after 1800 seconds"
web-Stanford,Sparse Uniform,281904,2312497,128,DTC_TCA_REORDER,unknown,,,,,,,,,,,,,,,reorder_failed,"Command '['/mnt/shared/development/tariq/SATile/.venv/bin/python', '/mnt/shared/development/tariq/RA-SpMM/external/DTC-SpMM_ASPLOS24/reordering/TCA_reorder.py', '--dataset', 'web-Stanford', '--thres', '16', '--input_npz', '/mnt/shared/development/tariq/RA-SpMM/cache/dtc_reordered/4a995b59b188e02da70da792fe56a9da99c3814b835a71714c7536d160ad0354_dtc_tca_reorder.input.npz', '--output_npz', '/mnt/shared/development/tariq/RA-SpMM/cache/dtc_reordered/4a995b59b188e02da70da792fe56a9da99c3814b835a71714c7536d160ad0354_dtc_tca_reorder.reorder.npz', '--output_perm_npz', '/mnt/shared/development/tariq/RA-SpMM/cache/dtc_reordered/4a995b59b188e02da70da792fe56a9da99c3814b835a71714c7536d160ad0354_dtc_tca_reorder.reorder_id.npz']' timed out after 1800 seconds"
web-Stanford,Sparse Uniform,281904,2312497,256,DTC_TCA_REORDER,unknown,,,,,,,,,,,,,,,reorder_failed,"Command '['/mnt/shared/development/tariq/SATile/.venv/bin/python', '/mnt/shared/development/tariq/RA-SpMM/external/DTC-SpMM_ASPLOS24/reordering/TCA_reorder.py', '--dataset', 'web-Stanford', '--thres', '16', '--input_npz', '/mnt/shared/development/tariq/RA-SpMM/cache/dtc_reordered/4a995b59b188e02da70da792fe56a9da99c3814b835a71714c7536d160ad0354_dtc_tca_reorder.input.npz', '--output_npz', '/mnt/shared/development/tariq/RA-SpMM/cache/dtc_reordered/4a995b59b188e02da70da792fe56a9da99c3814b835a71714c7536d160ad0354_dtc_tca_reorder.reorder.npz', '--output_perm_npz', '/mnt/shared/development/tariq/RA-SpMM/cache/dtc_reordered/4a995b59b188e02da70da792fe56a9da99c3814b835a71714c7536d160ad0354_dtc_tca_reorder.reorder_id.npz']' timed out after 1800 seconds"
web-Stanford,Sparse Uniform,281904,2312497,512,DTC_TCA_REORDER,unknown,,,,,,,,,,,,,,,reorder_failed,"Command '['/mnt/shared/development/tariq/SATile/.venv/bin/python', '/mnt/shared/development/tariq/RA-SpMM/external/DTC-SpMM_ASPLOS24/reordering/TCA_reorder.py', '--dataset', 'web-Stanford', '--thres', '16', '--input_npz', '/mnt/shared/development/tariq/RA-SpMM/cache/dtc_reordered/4a995b59b188e02da70da792fe56a9da99c3814b835a71714c7536d160ad0354_dtc_tca_reorder.input.npz', '--output_npz', '/mnt/shared/development/tariq/RA-SpMM/cache/dtc_reordered/4a995b59b188e02da70da792fe56a9da99c3814b835a71714c7536d160ad0354_dtc_tca_reorder.reorder.npz', '--output_perm_npz', '/mnt/shared/development/tariq/RA-SpMM/cache/dtc_reordered/4a995b59b188e02da70da792fe56a9da99c3814b835a71714c7536d160ad0354_dtc_tca_reorder.reorder_id.npz']' timed out after 1800 seconds"
ogbn-arxiv,Sparse Uniform,169343,1166243,64,DTC_TCA_REORDER,unknown,,,,,,,,,,,,,,,reorder_failed,"Command '['/mnt/shared/development/tariq/SATile/.venv/bin/python', '/mnt/shared/development/tariq/RA-SpMM/external/DTC-SpMM_ASPLOS24/reordering/TCA_reorder.py', '--dataset', 'ogbn-arxiv', '--thres', '16', '--input_npz', '/mnt/shared/development/tariq/RA-SpMM/cache/dtc_reordered/753576fa96446e2c5e41a120f9fca945bc3892631ef20046f67442801c9b5a95_dtc_tca_reorder.input.npz', '--output_npz', '/mnt/shared/development/tariq/RA-SpMM/cache/dtc_reordered/753576fa96446e2c5e41a120f9fca945bc3892631ef20046f67442801c9b5a95_dtc_tca_reorder.reorder.npz', '--output_perm_npz', '/mnt/shared/development/tariq/RA-SpMM/cache/dtc_reordered/753576fa96446e2c5e41a120f9fca945bc3892631ef20046f67442801c9b5a95_dtc_tca_reorder.reorder_id.npz']' timed out after 1800 seconds"
ogbn-arxiv,Sparse Uniform,169343,1166243,128,DTC_TCA_REORDER,unknown,,,,,,,,,,,,,,,reorder_failed,"Command '['/mnt/shared/development/tariq/SATile/.venv/bin/python', '/mnt/shared/development/tariq/RA-SpMM/external/DTC-SpMM_ASPLOS24/reordering/TCA_reorder.py', '--dataset', 'ogbn-arxiv', '--thres', '16', '--input_npz', '/mnt/shared/development/tariq/RA-SpMM/cache/dtc_reordered/753576fa96446e2c5e41a120f9fca945bc3892631ef20046f67442801c9b5a95_dtc_tca_reorder.input.npz', '--output_npz', '/mnt/shared/development/tariq/RA-SpMM/cache/dtc_reordered/753576fa96446e2c5e41a120f9fca945bc3892631ef20046f67442801c9b5a95_dtc_tca_reorder.reorder.npz', '--output_perm_npz', '/mnt/shared/development/tariq/RA-SpMM/cache/dtc_reordered/753576fa96446e2c5e41a120f9fca945bc3892631ef20046f67442801c9b5a95_dtc_tca_reorder.reorder_id.npz']' timed out after 1800 seconds"
ogbn-arxiv,Sparse Uniform,169343,1166243,256,DTC_TCA_REORDER,unknown,,,,,,,,,,,,,,,reorder_failed,"Command '['/mnt/shared/development/tariq/SATile/.venv/bin/python', '/mnt/shared/development/tariq/RA-SpMM/external/DTC-SpMM_ASPLOS24/reordering/TCA_reorder.py', '--dataset', 'ogbn-arxiv', '--thres', '16', '--input_npz', '/mnt/shared/development/tariq/RA-SpMM/cache/dtc_reordered/753576fa96446e2c5e41a120f9fca945bc3892631ef20046f67442801c9b5a95_dtc_tca_reorder.input.npz', '--output_npz', '/mnt/shared/development/tariq/RA-SpMM/cache/dtc_reordered/753576fa96446e2c5e41a120f9fca945bc3892631ef20046f67442801c9b5a95_dtc_tca_reorder.reorder.npz', '--output_perm_npz', '/mnt/shared/development/tariq/RA-SpMM/cache/dtc_reordered/753576fa96446e2c5e41a120f9fca945bc3892631ef20046f67442801c9b5a95_dtc_tca_reorder.reorder_id.npz']' timed out after 1800 seconds"
ogbn-arxiv,Sparse Uniform,169343,1166243,512,DTC_TCA_REORDER,unknown,,,,,,,,,,,,,,,reorder_failed,"Command '['/mnt/shared/development/tariq/SATile/.venv/bin/python', '/mnt/shared/development/tariq/RA-SpMM/external/DTC-SpMM_ASPLOS24/reordering/TCA_reorder.py', '--dataset', 'ogbn-arxiv', '--thres', '16', '--input_npz', '/mnt/shared/development/tariq/RA-SpMM/cache/dtc_reordered/753576fa96446e2c5e41a120f9fca945bc3892631ef20046f67442801c9b5a95_dtc_tca_reorder.input.npz', '--output_npz', '/mnt/shared/development/tariq/RA-SpMM/cache/dtc_reordered/753576fa96446e2c5e41a120f9fca945bc3892631ef20046f67442801c9b5a95_dtc_tca_reorder.reorder.npz', '--output_perm_npz', '/mnt/shared/development/tariq/RA-SpMM/cache/dtc_reordered/753576fa96446e2c5e41a120f9fca945bc3892631ef20046f67442801c9b5a95_dtc_tca_reorder.reorder_id.npz']' timed out after 1800 seconds"
Yelp,Sparse Uniform,716847,13954819,64,DTC_TCA_REORDER,unknown,,,,,,,,,,,,,,,reorder_failed,"Command '['/mnt/shared/development/tariq/SATile/.venv/bin/python', '/mnt/shared/development/tariq/RA-SpMM/external/DTC-SpMM_ASPLOS24/reordering/TCA_reorder.py', '--dataset', 'Yelp', '--thres', '16', '--input_npz', '/mnt/shared/development/tariq/RA-SpMM/cache/dtc_reordered/c32a16f3d77f6ab5c4e8ef7ba5064c9eb496869e4287eaefedc38adf43a91305_dtc_tca_reorder.input.npz', '--output_npz', '/mnt/shared/development/tariq/RA-SpMM/cache/dtc_reordered/c32a16f3d77f6ab5c4e8ef7ba5064c9eb496869e4287eaefedc38adf43a91305_dtc_tca_reorder.reorder.npz', '--output_perm_npz', '/mnt/shared/development/tariq/RA-SpMM/cache/dtc_reordered/c32a16f3d77f6ab5c4e8ef7ba5064c9eb496869e4287eaefedc38adf43a91305_dtc_tca_reorder.reorder_id.npz']' timed out after 1800 seconds"
Yelp,Sparse Uniform,716847,13954819,128,DTC_TCA_REORDER,unknown,,,,,,,,,,,,,,,reorder_failed,"Command '['/mnt/shared/development/tariq/SATile/.venv/bin/python', '/mnt/shared/development/tariq/RA-SpMM/external/DTC-SpMM_ASPLOS24/reordering/TCA_reorder.py', '--dataset', 'Yelp', '--thres', '16', '--input_npz', '/mnt/shared/development/tariq/RA-SpMM/cache/dtc_reordered/c32a16f3d77f6ab5c4e8ef7ba5064c9eb496869e4287eaefedc38adf43a91305_dtc_tca_reorder.input.npz', '--output_npz', '/mnt/shared/development/tariq/RA-SpMM/cache/dtc_reordered/c32a16f3d77f6ab5c4e8ef7ba5064c9eb496869e4287eaefedc38adf43a91305_dtc_tca_reorder.reorder.npz', '--output_perm_npz', '/mnt/shared/development/tariq/RA-SpMM/cache/dtc_reordered/c32a16f3d77f6ab5c4e8ef7ba5064c9eb496869e4287eaefedc38adf43a91305_dtc_tca_reorder.reorder_id.npz']' timed out after 1800 seconds"
Yelp,Sparse Uniform,716847,13954819,256,DTC_TCA_REORDER,unknown,,,,,,,,,,,,,,,reorder_failed,"Command '['/mnt/shared/development/tariq/SATile/.venv/bin/python', '/mnt/shared/development/tariq/RA-SpMM/external/DTC-SpMM_ASPLOS24/reordering/TCA_reorder.py', '--dataset', 'Yelp', '--thres', '16', '--input_npz', '/mnt/shared/development/tariq/RA-SpMM/cache/dtc_reordered/c32a16f3d77f6ab5c4e8ef7ba5064c9eb496869e4287eaefedc38adf43a91305_dtc_tca_reorder.input.npz', '--output_npz', '/mnt/shared/development/tariq/RA-SpMM/cache/dtc_reordered/c32a16f3d77f6ab5c4e8ef7ba5064c9eb496869e4287eaefedc38adf43a91305_dtc_tca_reorder.reorder.npz', '--output_perm_npz', '/mnt/shared/development/tariq/RA-SpMM/cache/dtc_reordered/c32a16f3d77f6ab5c4e8ef7ba5064c9eb496869e4287eaefedc38adf43a91305_dtc_tca_reorder.reorder_id.npz']' timed out after 1800 seconds"
twitter-combined,Sparse Skewed,81306,1768149,64,DTC_TCA_REORDER,66eca266bde1f3faf5f8ef7a054db2391b50e27d,384499.804,8.442,9.309,9383.015,85121.354,0.373257,0.000198,1.573189,0.373257,nobal_float2_nonsplit,5,nobal_float_nonsplit=ok;nobal_float2_nonsplit=ok;nobal_float4_nonsplit=ok;bal_float_nonsplit=dtc_no_strictly_correct_variant;nobal_float2_split=ok,True,0.026569366455078125,,
twitter-combined,Sparse Skewed,81306,1768149,128,DTC_TCA_REORDER,66eca266bde1f3faf5f8ef7a054db2391b50e27d,384499.804,8.864,15.355,15420.287,128731.05,0.494678,0.000704,0.494678,0.494678,nobal_float2_nonsplit,7,nobal_float_nonsplit=ok;nobal_float2_nonsplit=ok;nobal_float4_nonsplit=ok;bal_float_nonsplit=dtc_no_strictly_correct_variant;nobal_float2_split=ok;nobal_float4_split=ok;bal_float4_split=dtc_no_strictly_correct_variant,True,0.022278785705566406,,
twitter-combined,Sparse Skewed,81306,1768149,256,DTC_TCA_REORDER,66eca266bde1f3faf5f8ef7a054db2391b50e27d,384499.804,9.102,23.821,23814.252,157713.68,0.771954,0.000213,0.771954,0.771954,nobal_float4_nonsplit,7,nobal_float_nonsplit=ok;nobal_float2_nonsplit=ok;nobal_float4_nonsplit=ok;bal_float_nonsplit=dtc_no_strictly_correct_variant;nobal_float2_split=ok;nobal_float4_split=ok;bal_float4_split=dtc_no_strictly_correct_variant,True,0.02397918701171875,,
twitter-combined,Sparse Skewed,81306,1768149,512,DTC_TCA_REORDER,66eca266bde1f3faf5f8ef7a054db2391b50e27d,384499.804,9.434,51.046,51050.707,245316.551,1.358401,0.000289,1.358401,1.358401,nobal_float4_split,7,nobal_float_nonsplit=ok;nobal_float2_nonsplit=ok;nobal_float4_nonsplit=ok;bal_float_nonsplit=dtc_no_strictly_correct_variant;nobal_float2_split=ok;nobal_float4_split=ok;bal_float4_split=dtc_no_strictly_correct_variant,True,0.027862548828125,,
soc-Pokec,Sparse Skewed,1632803,30622564,64,DTC_TCA_REORDER,unknown,,,,,,,,,,,,,,,reorder_failed,"Command '['/mnt/shared/development/tariq/SATile/.venv/bin/python', '/mnt/shared/development/tariq/RA-SpMM/external/DTC-SpMM_ASPLOS24/reordering/TCA_reorder.py', '--dataset', 'soc-Pokec', '--thres', '16', '--input_npz', '/mnt/shared/development/tariq/RA-SpMM/cache/dtc_reordered/bb4624bcf9aeee08c5727595ab372a04068993e764bd12cb9d7dc4a2902baa48_dtc_tca_reorder.input.npz', '--output_npz', '/mnt/shared/development/tariq/RA-SpMM/cache/dtc_reordered/bb4624bcf9aeee08c5727595ab372a04068993e764bd12cb9d7dc4a2902baa48_dtc_tca_reorder.reorder.npz', '--output_perm_npz', '/mnt/shared/development/tariq/RA-SpMM/cache/dtc_reordered/bb4624bcf9aeee08c5727595ab372a04068993e764bd12cb9d7dc4a2902baa48_dtc_tca_reorder.reorder_id.npz']' timed out after 1800 seconds"
soc-Pokec,Sparse Skewed,1632803,30622564,128,DTC_TCA_REORDER,unknown,,,,,,,,,,,,,,,reorder_failed,"Command '['/mnt/shared/development/tariq/SATile/.venv/bin/python', '/mnt/shared/development/tariq/RA-SpMM/external/DTC-SpMM_ASPLOS24/reordering/TCA_reorder.py', '--dataset', 'soc-Pokec', '--thres', '16', '--input_npz', '/mnt/shared/development/tariq/RA-SpMM/cache/dtc_reordered/bb4624bcf9aeee08c5727595ab372a04068993e764bd12cb9d7dc4a2902baa48_dtc_tca_reorder.input.npz', '--output_npz', '/mnt/shared/development/tariq/RA-SpMM/cache/dtc_reordered/bb4624bcf9aeee08c5727595ab372a04068993e764bd12cb9d7dc4a2902baa48_dtc_tca_reorder.reorder.npz', '--output_perm_npz', '/mnt/shared/development/tariq/RA-SpMM/cache/dtc_reordered/bb4624bcf9aeee08c5727595ab372a04068993e764bd12cb9d7dc4a2902baa48_dtc_tca_reorder.reorder_id.npz']' timed out after 1800 seconds"
soc-Pokec,Sparse Skewed,1632803,30622564,256,DTC_TCA_REORDER,unknown,,,,,,,,,,,,,,,reorder_failed,"Command '['/mnt/shared/development/tariq/SATile/.venv/bin/python', '/mnt/shared/development/tariq/RA-SpMM/external/DTC-SpMM_ASPLOS24/reordering/TCA_reorder.py', '--dataset', 'soc-Pokec', '--thres', '16', '--input_npz', '/mnt/shared/development/tariq/RA-SpMM/cache/dtc_reordered/bb4624bcf9aeee08c5727595ab372a04068993e764bd12cb9d7dc4a2902baa48_dtc_tca_reorder.input.npz', '--output_npz', '/mnt/shared/development/tariq/RA-SpMM/cache/dtc_reordered/bb4624bcf9aeee08c5727595ab372a04068993e764bd12cb9d7dc4a2902baa48_dtc_tca_reorder.reorder.npz', '--output_perm_npz', '/mnt/shared/development/tariq/RA-SpMM/cache/dtc_reordered/bb4624bcf9aeee08c5727595ab372a04068993e764bd12cb9d7dc4a2902baa48_dtc_tca_reorder.reorder_id.npz']' timed out after 1800 seconds"
ca-GrQc,Dense Small,5242,28980,64,DTC_TCA_REORDER,66eca266bde1f3faf5f8ef7a054db2391b50e27d,14518.837,1.635,0.52,524.488,13917.929,0.018233,0.000185,0.055302,0.311308,nobal_float2_nonsplit,5,nobal_float_nonsplit=ok;nobal_float2_nonsplit=ok;nobal_float4_nonsplit=ok;bal_float_nonsplit=dtc_no_strictly_correct_variant;nobal_float2_split=ok,True,0.00478363037109375,,
ca-GrQc,Dense Small,5242,28980,128,DTC_TCA_REORDER,66eca266bde1f3faf5f8ef7a054db2391b50e27d,14518.837,1.645,0.779,784.102,27270.977,0.020414,0.000118,0.066084,0.359281,nobal_float2_split,7,nobal_float_nonsplit=ok;nobal_float2_nonsplit=ok;nobal_float4_nonsplit=ok;bal_float_nonsplit=dtc_no_strictly_correct_variant;nobal_float2_split=ok;nobal_float4_split=ok;bal_float4_split=dtc_no_strictly_correct_variant,True,0.00609588623046875,,
ca-GrQc,Dense Small,5242,28980,256,DTC_TCA_REORDER,66eca266bde1f3faf5f8ef7a054db2391b50e27d,14518.837,1.715,1.218,1230.346,21501.791,0.032268,0.000251,0.560243,0.115268,nobal_float2_split,7,nobal_float_nonsplit=ok;nobal_float2_nonsplit=ok;nobal_float4_nonsplit=ok;bal_float_nonsplit=dtc_no_strictly_correct_variant;nobal_float2_split=ok;nobal_float4_split=ok;bal_float4_split=dtc_no_strictly_correct_variant,True,0.006299018859863281,,
ca-GrQc,Dense Small,5242,28980,512,DTC_TCA_REORDER,66eca266bde1f3faf5f8ef7a054db2391b50e27d,14518.837,1.695,1.861,1882.723,31204.692,0.046487,0.000155,0.357373,0.046487,nobal_float2_split,7,nobal_float_nonsplit=ok;nobal_float2_nonsplit=ok;nobal_float4_nonsplit=ok;bal_float_nonsplit=dtc_no_strictly_correct_variant;nobal_float2_split=ok;nobal_float4_split=ok;bal_float4_split=dtc_no_strictly_correct_variant,True,0.00734710693359375,,
ca-HepTh,Dense Small,9877,51971,64,DTC_TCA_REORDER,66eca266bde1f3faf5f8ef7a054db2391b50e27d,20305.654,1.527,0.575,578.294,14722.257,0.020312,9.2e-05,1.817022,0.353617,nobal_float2_split,5,nobal_float_nonsplit=ok;nobal_float2_nonsplit=ok;nobal_float4_nonsplit=ok;bal_float_nonsplit=dtc_no_strictly_correct_variant;nobal_float2_split=ok,True,0.0051174163818359375,,
ca-HepTh,Dense Small,9877,51971,128,DTC_TCA_REORDER,66eca266bde1f3faf5f8ef7a054db2391b50e27d,20305.654,1.486,1.149,1156.374,29226.327,0.032053,8.7e-05,0.697243,0.539045,nobal_float2_split,7,nobal_float_nonsplit=ok;nobal_float2_nonsplit=ok;nobal_float4_nonsplit=ok;bal_float_nonsplit=dtc_no_strictly_correct_variant;nobal_float2_split=ok;nobal_float4_split=ok;bal_float4_split=dtc_no_strictly_correct_variant,True,0.005488395690917969,,
ca-HepTh,Dense Small,9877,51971,256,DTC_TCA_REORDER,66eca266bde1f3faf5f8ef7a054db2391b50e27d,20305.654,1.534,1.692,1704.876,24054.665,0.049693,0.000234,0.317368,0.049693,nobal_float2_split,7,nobal_float_nonsplit=ok;nobal_float2_nonsplit=ok;nobal_float4_nonsplit=ok;bal_float_nonsplit=dtc_no_strictly_correct_variant;nobal_float2_split=ok;nobal_float4_split=ok;bal_float4_split=dtc_no_strictly_correct_variant,True,0.005871772766113281,,
ca-HepTh,Dense Small,9877,51971,512,DTC_TCA_REORDER,66eca266bde1f3faf5f8ef7a054db2391b50e27d,20305.654,1.707,3.481,3510.84,35714.136,0.088203,0.00021,0.527499,0.088203,nobal_float4_split,7,nobal_float_nonsplit=ok;nobal_float2_nonsplit=ok;nobal_float4_nonsplit=ok;bal_float_nonsplit=dtc_no_strictly_correct_variant;nobal_float2_split=ok;nobal_float4_split=ok;bal_float4_split=dtc_no_strictly_correct_variant,True,0.0064046382904052734,,
ca-CondMat,Dense Small,23133,186936,64,DTC_TCA_REORDER,66eca266bde1f3faf5f8ef7a054db2391b50e27d,43310.891,2.392,1.747,1770.654,19109.502,0.069149,0.000177,0.453559,0.294055,nobal_float2_split,5,nobal_float_nonsplit=ok;nobal_float2_nonsplit=ok;nobal_float4_nonsplit=ok;bal_float_nonsplit=dtc_no_strictly_correct_variant;nobal_float2_split=ok,True,0.008584976196289062,,
ca-CondMat,Dense Small,23133,186936,128,DTC_TCA_REORDER,66eca266bde1f3faf5f8ef7a054db2391b50e27d,43310.891,2.38,2.998,3027.431,29459.043,0.094777,0.000103,0.094777,0.094777,nobal_float2_split,7,nobal_float_nonsplit=ok;nobal_float2_nonsplit=ok;nobal_float4_nonsplit=ok;bal_float_nonsplit=dtc_no_strictly_correct_variant;nobal_float2_split=ok;nobal_float4_split=ok;bal_float4_split=dtc_no_strictly_correct_variant,True,0.011124134063720703,,
ca-CondMat,Dense Small,23133,186936,256,DTC_TCA_REORDER,66eca266bde1f3faf5f8ef7a054db2391b50e27d,43310.891,2.392,4.996,5025.364,36553.167,0.150445,0.000139,0.198779,0.150445,nobal_float4_split,7,nobal_float_nonsplit=ok;nobal_float2_nonsplit=ok;nobal_float4_nonsplit=ok;bal_float_nonsplit=dtc_no_strictly_correct_variant;nobal_float2_split=ok;nobal_float4_split=ok;bal_float4_split=dtc_no_strictly_correct_variant,True,0.010740280151367188,,
ca-CondMat,Dense Small,23133,186936,512,DTC_TCA_REORDER,66eca266bde1f3faf5f8ef7a054db2391b50e27d,43310.891,2.452,10.599,10611.707,55224.26,0.259219,0.000206,0.259219,0.259219,nobal_float4_split,7,nobal_float_nonsplit=ok;nobal_float2_nonsplit=ok;nobal_float4_nonsplit=ok;bal_float_nonsplit=dtc_no_strictly_correct_variant;nobal_float2_split=ok;nobal_float4_split=ok;bal_float4_split=dtc_no_strictly_correct_variant,True,0.011152267456054688,,
amazon-computers,Dense Small,13752,491722,64,DTC_TCA_REORDER,66eca266bde1f3faf5f8ef7a054db2391b50e27d,61983.379,11.676,10.577,10638.768,40131.428,0.416984,0.000157,0.416984,2.929932,nobal_float2_nonsplit,5,nobal_float_nonsplit=ok;nobal_float2_nonsplit=ok;nobal_float4_nonsplit=ok;bal_float_nonsplit=dtc_no_strictly_correct_variant;nobal_float2_split=ok,False,39.18562316894531,,
amazon-computers,Dense Small,13752,491722,128,DTC_TCA_REORDER,66eca266bde1f3faf5f8ef7a054db2391b50e27d,61983.379,11.698,15.162,15254.888,58331.651,0.446635,0.000163,0.79705,1.6452,nobal_float2_split,7,nobal_float_nonsplit=ok;nobal_float2_nonsplit=ok;nobal_float4_nonsplit=ok;bal_float_nonsplit=dtc_no_strictly_correct_variant;nobal_float2_split=ok;nobal_float4_split=ok;bal_float4_split=dtc_no_strictly_correct_variant,False,59.87555694580078,,
amazon-computers,Dense Small,13752,491722,256,DTC_TCA_REORDER,66eca266bde1f3faf5f8ef7a054db2391b50e27d,61983.379,11.627,18.471,18559.58,75145.249,0.492696,0.000196,1.004079,4.144417,nobal_float2_split,7,nobal_float_nonsplit=ok;nobal_float2_nonsplit=ok;nobal_float4_nonsplit=ok;bal_float_nonsplit=dtc_no_strictly_correct_variant;nobal_float2_split=ok;nobal_float4_split=ok;bal_float4_split=dtc_no_strictly_correct_variant,True,0.045360565185546875,,
amazon-computers,Dense Small,13752,491722,512,DTC_TCA_REORDER,66eca266bde1f3faf5f8ef7a054db2391b50e27d,61983.379,11.949,28.329,28418.515,105604.632,0.671234,0.00033,0.671234,0.671234,nobal_float4_split,7,nobal_float_nonsplit=ok;nobal_float2_nonsplit=ok;nobal_float4_nonsplit=ok;bal_float_nonsplit=dtc_no_strictly_correct_variant;nobal_float2_split=ok;nobal_float4_split=ok;bal_float4_split=dtc_no_strictly_correct_variant,True,0.037830352783203125,,
amazon-photo,Dense Small,7650,238162,64,DTC_TCA_REORDER,66eca266bde1f3faf5f8ef7a054db2391b50e27d,40759.988,4.169,3.088,3143.45,20691.982,0.139985,0.00025,0.139985,0.139985,nobal_float2_nonsplit,5,nobal_float_nonsplit=ok;nobal_float2_nonsplit=ok;nobal_float4_nonsplit=ok;bal_float_nonsplit=dtc_no_strictly_correct_variant;nobal_float2_split=ok,True,0.0192413330078125,,
amazon-photo,Dense Small,7650,238162,128,DTC_TCA_REORDER,66eca266bde1f3faf5f8ef7a054db2391b50e27d,40759.988,4.206,5.67,5748.79,37693.954,0.158472,0.000291,0.335627,0.810396,nobal_float2_split,7,nobal_float_nonsplit=ok;nobal_float2_nonsplit=ok;nobal_float4_nonsplit=ok;bal_float_nonsplit=dtc_no_strictly_correct_variant;nobal_float2_split=ok;nobal_float4_split=ok;bal_float4_split=dtc_no_strictly_correct_variant,True,0.0254974365234375,,
amazon-photo,Dense Small,7650,238162,256,DTC_TCA_REORDER,66eca266bde1f3faf5f8ef7a054db2391b50e27d,40759.988,4.319,6.692,6776.968,36104.413,0.181651,0.000161,0.975044,0.181651,nobal_float2_split,7,nobal_float_nonsplit=ok;nobal_float2_nonsplit=ok;nobal_float4_nonsplit=ok;bal_float_nonsplit=dtc_no_strictly_correct_variant;nobal_float2_split=ok;nobal_float4_split=ok;bal_float4_split=dtc_no_strictly_correct_variant,True,0.026769638061523438,,
amazon-photo,Dense Small,7650,238162,512,DTC_TCA_REORDER,66eca266bde1f3faf5f8ef7a054db2391b50e27d,40759.988,4.385,9.493,9566.256,50958.28,0.252466,0.00102,1.276874,0.469484,nobal_float4_split,7,nobal_float_nonsplit=ok;nobal_float2_nonsplit=ok;nobal_float4_nonsplit=ok;bal_float_nonsplit=dtc_no_strictly_correct_variant;nobal_float2_split=ok;nobal_float4_split=ok;bal_float4_split=dtc_no_strictly_correct_variant,True,0.02592945098876953,,
gplus-combined,Dense Large-Scale,107614,13673453,64,DTC_TCA_REORDER,unknown,,,,,,,,,,,,,,,reorder_failed,"Command '['/mnt/shared/development/tariq/SATile/.venv/bin/python', '/mnt/shared/development/tariq/RA-SpMM/external/DTC-SpMM_ASPLOS24/reordering/TCA_reorder.py', '--dataset', 'gplus-combined', '--thres', '16', '--input_npz', '/mnt/shared/development/tariq/RA-SpMM/cache/dtc_reordered/8ec04357e0ae2b276d14d172b97c37adbf2a34ee02bbebdf24f751e20c6f5306_dtc_tca_reorder.input.npz', '--output_npz', '/mnt/shared/development/tariq/RA-SpMM/cache/dtc_reordered/8ec04357e0ae2b276d14d172b97c37adbf2a34ee02bbebdf24f751e20c6f5306_dtc_tca_reorder.reorder.npz', '--output_perm_npz', '/mnt/shared/development/tariq/RA-SpMM/cache/dtc_reordered/8ec04357e0ae2b276d14d172b97c37adbf2a34ee02bbebdf24f751e20c6f5306_dtc_tca_reorder.reorder_id.npz']' timed out after 1800 seconds"
gplus-combined,Dense Large-Scale,107614,13673453,128,DTC_TCA_REORDER,unknown,,,,,,,,,,,,,,,reorder_failed,"Command '['/mnt/shared/development/tariq/SATile/.venv/bin/python', '/mnt/shared/development/tariq/RA-SpMM/external/DTC-SpMM_ASPLOS24/reordering/TCA_reorder.py', '--dataset', 'gplus-combined', '--thres', '16', '--input_npz', '/mnt/shared/development/tariq/RA-SpMM/cache/dtc_reordered/8ec04357e0ae2b276d14d172b97c37adbf2a34ee02bbebdf24f751e20c6f5306_dtc_tca_reorder.input.npz', '--output_npz', '/mnt/shared/development/tariq/RA-SpMM/cache/dtc_reordered/8ec04357e0ae2b276d14d172b97c37adbf2a34ee02bbebdf24f751e20c6f5306_dtc_tca_reorder.reorder.npz', '--output_perm_npz', '/mnt/shared/development/tariq/RA-SpMM/cache/dtc_reordered/8ec04357e0ae2b276d14d172b97c37adbf2a34ee02bbebdf24f751e20c6f5306_dtc_tca_reorder.reorder_id.npz']' timed out after 1800 seconds"
gplus-combined,Dense Large-Scale,107614,13673453,256,DTC_TCA_REORDER,unknown,,,,,,,,,,,,,,,reorder_failed,"Command '['/mnt/shared/development/tariq/SATile/.venv/bin/python', '/mnt/shared/development/tariq/RA-SpMM/external/DTC-SpMM_ASPLOS24/reordering/TCA_reorder.py', '--dataset', 'gplus-combined', '--thres', '16', '--input_npz', '/mnt/shared/development/tariq/RA-SpMM/cache/dtc_reordered/8ec04357e0ae2b276d14d172b97c37adbf2a34ee02bbebdf24f751e20c6f5306_dtc_tca_reorder.input.npz', '--output_npz', '/mnt/shared/development/tariq/RA-SpMM/cache/dtc_reordered/8ec04357e0ae2b276d14d172b97c37adbf2a34ee02bbebdf24f751e20c6f5306_dtc_tca_reorder.reorder.npz', '--output_perm_npz', '/mnt/shared/development/tariq/RA-SpMM/cache/dtc_reordered/8ec04357e0ae2b276d14d172b97c37adbf2a34ee02bbebdf24f751e20c6f5306_dtc_tca_reorder.reorder_id.npz']' timed out after 1800 seconds"
gplus-combined,Dense Large-Scale,107614,13673453,512,DTC_TCA_REORDER,unknown,,,,,,,,,,,,,,,reorder_failed,"Command '['/mnt/shared/development/tariq/SATile/.venv/bin/python', '/mnt/shared/development/tariq/RA-SpMM/external/DTC-SpMM_ASPLOS24/reordering/TCA_reorder.py', '--dataset', 'gplus-combined', '--thres', '16', '--input_npz', '/mnt/shared/development/tariq/RA-SpMM/cache/dtc_reordered/8ec04357e0ae2b276d14d172b97c37adbf2a34ee02bbebdf24f751e20c6f5306_dtc_tca_reorder.input.npz', '--output_npz', '/mnt/shared/development/tariq/RA-SpMM/cache/dtc_reordered/8ec04357e0ae2b276d14d172b97c37adbf2a34ee02bbebdf24f751e20c6f5306_dtc_tca_reorder.reorder.npz', '--output_perm_npz', '/mnt/shared/development/tariq/RA-SpMM/cache/dtc_reordered/8ec04357e0ae2b276d14d172b97c37adbf2a34ee02bbebdf24f751e20c6f5306_dtc_tca_reorder.reorder_id.npz']' timed out after 1800 seconds"
Reddit,Dense Large-Scale,232965,114615892,64,DTC_TCA_REORDER,unknown,,,,,,,,,,,,,,,reorder_failed,"Command '['/mnt/shared/development/tariq/SATile/.venv/bin/python', '/mnt/shared/development/tariq/RA-SpMM/external/DTC-SpMM_ASPLOS24/reordering/TCA_reorder.py', '--dataset', 'Reddit', '--thres', '16', '--input_npz', '/mnt/shared/development/tariq/RA-SpMM/cache/dtc_reordered/78895bbbfa8fda65c60bf8ad7a38a7eb66bb572a3124442d677683f3d4c17da1_dtc_tca_reorder.input.npz', '--output_npz', '/mnt/shared/development/tariq/RA-SpMM/cache/dtc_reordered/78895bbbfa8fda65c60bf8ad7a38a7eb66bb572a3124442d677683f3d4c17da1_dtc_tca_reorder.reorder.npz', '--output_perm_npz', '/mnt/shared/development/tariq/RA-SpMM/cache/dtc_reordered/78895bbbfa8fda65c60bf8ad7a38a7eb66bb572a3124442d677683f3d4c17da1_dtc_tca_reorder.reorder_id.npz']' timed out after 1800 seconds"
Reddit,Dense Large-Scale,232965,114615892,128,DTC_TCA_REORDER,unknown,,,,,,,,,,,,,,,reorder_failed,"Command '['/mnt/shared/development/tariq/SATile/.venv/bin/python', '/mnt/shared/development/tariq/RA-SpMM/external/DTC-SpMM_ASPLOS24/reordering/TCA_reorder.py', '--dataset', 'Reddit', '--thres', '16', '--input_npz', '/mnt/shared/development/tariq/RA-SpMM/cache/dtc_reordered/78895bbbfa8fda65c60bf8ad7a38a7eb66bb572a3124442d677683f3d4c17da1_dtc_tca_reorder.input.npz', '--output_npz', '/mnt/shared/development/tariq/RA-SpMM/cache/dtc_reordered/78895bbbfa8fda65c60bf8ad7a38a7eb66bb572a3124442d677683f3d4c17da1_dtc_tca_reorder.reorder.npz', '--output_perm_npz', '/mnt/shared/development/tariq/RA-SpMM/cache/dtc_reordered/78895bbbfa8fda65c60bf8ad7a38a7eb66bb572a3124442d677683f3d4c17da1_dtc_tca_reorder.reorder_id.npz']' timed out after 1800 seconds"
Reddit,Dense Large-Scale,232965,114615892,256,DTC_TCA_REORDER,unknown,,,,,,,,,,,,,,,reorder_failed,"Command '['/mnt/shared/development/tariq/SATile/.venv/bin/python', '/mnt/shared/development/tariq/RA-SpMM/external/DTC-SpMM_ASPLOS24/reordering/TCA_reorder.py', '--dataset', 'Reddit', '--thres', '16', '--input_npz', '/mnt/shared/development/tariq/RA-SpMM/cache/dtc_reordered/78895bbbfa8fda65c60bf8ad7a38a7eb66bb572a3124442d677683f3d4c17da1_dtc_tca_reorder.input.npz', '--output_npz', '/mnt/shared/development/tariq/RA-SpMM/cache/dtc_reordered/78895bbbfa8fda65c60bf8ad7a38a7eb66bb572a3124442d677683f3d4c17da1_dtc_tca_reorder.reorder.npz', '--output_perm_npz', '/mnt/shared/development/tariq/RA-SpMM/cache/dtc_reordered/78895bbbfa8fda65c60bf8ad7a38a7eb66bb572a3124442d677683f3d4c17da1_dtc_tca_reorder.reorder_id.npz']' timed out after 1800 seconds"
ogbn-products,Dense Large-Scale,2449029,123718152,64,DTC_TCA_REORDER,unknown,,,,,,,,,,,,,,,reorder_failed,"Command '['/mnt/shared/development/tariq/SATile/.venv/bin/python', '/mnt/shared/development/tariq/RA-SpMM/external/DTC-SpMM_ASPLOS24/reordering/TCA_reorder.py', '--dataset', 'ogbn-products', '--thres', '16', '--input_npz', '/mnt/shared/development/tariq/RA-SpMM/cache/dtc_reordered/f833068aefdac6715a222080752c2141df0dc6e96e69b56b8556347e3212a703_dtc_tca_reorder.input.npz', '--output_npz', '/mnt/shared/development/tariq/RA-SpMM/cache/dtc_reordered/f833068aefdac6715a222080752c2141df0dc6e96e69b56b8556347e3212a703_dtc_tca_reorder.reorder.npz', '--output_perm_npz', '/mnt/shared/development/tariq/RA-SpMM/cache/dtc_reordered/f833068aefdac6715a222080752c2141df0dc6e96e69b56b8556347e3212a703_dtc_tca_reorder.reorder_id.npz']' timed out after 1800 seconds"
ogbn-products,Dense Large-Scale,2449029,123718152,128,DTC_TCA_REORDER,unknown,,,,,,,,,,,,,,,reorder_failed,"Command '['/mnt/shared/development/tariq/SATile/.venv/bin/python', '/mnt/shared/development/tariq/RA-SpMM/external/DTC-SpMM_ASPLOS24/reordering/TCA_reorder.py', '--dataset', 'ogbn-products', '--thres', '16', '--input_npz', '/mnt/shared/development/tariq/RA-SpMM/cache/dtc_reordered/f833068aefdac6715a222080752c2141df0dc6e96e69b56b8556347e3212a703_dtc_tca_reorder.input.npz', '--output_npz', '/mnt/shared/development/tariq/RA-SpMM/cache/dtc_reordered/f833068aefdac6715a222080752c2141df0dc6e96e69b56b8556347e3212a703_dtc_tca_reorder.reorder.npz', '--output_perm_npz', '/mnt/shared/development/tariq/RA-SpMM/cache/dtc_reordered/f833068aefdac6715a222080752c2141df0dc6e96e69b56b8556347e3212a703_dtc_tca_reorder.reorder_id.npz']' timed out after 1800 seconds"
ogbn-proteins,Dense Large-Scale,132534,79122504,64,DTC_TCA_REORDER,unknown,,,,,,,,,,,,,,,reorder_failed,"Command '['/mnt/shared/development/tariq/SATile/.venv/bin/python', '/mnt/shared/development/tariq/RA-SpMM/external/DTC-SpMM_ASPLOS24/reordering/TCA_reorder.py', '--dataset', 'ogbn-proteins', '--thres', '16', '--input_npz', '/mnt/shared/development/tariq/RA-SpMM/cache/dtc_reordered/d27a66590e032a7f81d4b816823234289fd4cee33a87a9e518bdf8b8b00a6ace_dtc_tca_reorder.input.npz', '--output_npz', '/mnt/shared/development/tariq/RA-SpMM/cache/dtc_reordered/d27a66590e032a7f81d4b816823234289fd4cee33a87a9e518bdf8b8b00a6ace_dtc_tca_reorder.reorder.npz', '--output_perm_npz', '/mnt/shared/development/tariq/RA-SpMM/cache/dtc_reordered/d27a66590e032a7f81d4b816823234289fd4cee33a87a9e518bdf8b8b00a6ace_dtc_tca_reorder.reorder_id.npz']' timed out after 1800 seconds"
ogbn-proteins,Dense Large-Scale,132534,79122504,128,DTC_TCA_REORDER,unknown,,,,,,,,,,,,,,,reorder_failed,"Command '['/mnt/shared/development/tariq/SATile/.venv/bin/python', '/mnt/shared/development/tariq/RA-SpMM/external/DTC-SpMM_ASPLOS24/reordering/TCA_reorder.py', '--dataset', 'ogbn-proteins', '--thres', '16', '--input_npz', '/mnt/shared/development/tariq/RA-SpMM/cache/dtc_reordered/d27a66590e032a7f81d4b816823234289fd4cee33a87a9e518bdf8b8b00a6ace_dtc_tca_reorder.input.npz', '--output_npz', '/mnt/shared/development/tariq/RA-SpMM/cache/dtc_reordered/d27a66590e032a7f81d4b816823234289fd4cee33a87a9e518bdf8b8b00a6ace_dtc_tca_reorder.reorder.npz', '--output_perm_npz', '/mnt/shared/development/tariq/RA-SpMM/cache/dtc_reordered/d27a66590e032a7f81d4b816823234289fd4cee33a87a9e518bdf8b8b00a6ace_dtc_tca_reorder.reorder_id.npz']' timed out after 1800 seconds"
com-DBLP,Community,317080,2099732,64,DTC_TCA_REORDER,66eca266bde1f3faf5f8ef7a054db2391b50e27d,532117.072,5.984,10.186,10181.738,62803.36,0.418577,0.000314,1.838255,0.418577,nobal_float2_split,5,nobal_float_nonsplit=ok;nobal_float2_nonsplit=ok;nobal_float4_nonsplit=ok;bal_float_nonsplit=dtc_no_strictly_correct_variant;nobal_float2_split=ok,True,0.012669563293457031,,
com-DBLP,Community,317080,2099732,128,DTC_TCA_REORDER,66eca266bde1f3faf5f8ef7a054db2391b50e27d,532117.072,6.021,25.008,24988.842,129539.252,0.826957,0.000469,0.826957,0.826957,nobal_float2_nonsplit,7,nobal_float_nonsplit=ok;nobal_float2_nonsplit=ok;nobal_float4_nonsplit=ok;bal_float_nonsplit=dtc_no_strictly_correct_variant;nobal_float2_split=ok;nobal_float4_split=ok;bal_float4_split=dtc_no_strictly_correct_variant,True,0.014519691467285156,,
com-DBLP,Community,317080,2099732,256,DTC_TCA_REORDER,66eca266bde1f3faf5f8ef7a054db2391b50e27d,532117.072,6.374,51.213,51202.988,218111.199,1.645911,0.000603,1.645911,1.645911,nobal_float2_split,7,nobal_float_nonsplit=ok;nobal_float2_nonsplit=ok;nobal_float4_nonsplit=ok;bal_float_nonsplit=dtc_no_strictly_correct_variant;nobal_float2_split=ok;nobal_float4_split=ok;bal_float4_split=dtc_no_strictly_correct_variant,True,0.011748313903808594,,
com-DBLP,Community,317080,2099732,512,DTC_TCA_REORDER,66eca266bde1f3faf5f8ef7a054db2391b50e27d,532117.072,6.354,117.97,117944.162,428336.939,3.270743,0.000566,6.140958,3.270743,nobal_float2_split,7,nobal_float_nonsplit=ok;nobal_float2_nonsplit=ok;nobal_float4_nonsplit=ok;bal_float_nonsplit=dtc_no_strictly_correct_variant;nobal_float2_split=ok;nobal_float4_split=ok;bal_float4_split=dtc_no_strictly_correct_variant,True,0.013078689575195312,,
com-Amazon,Community,334863,1851744,64,DTC_TCA_REORDER,66eca266bde1f3faf5f8ef7a054db2391b50e27d,591056.143,4.41,10.536,10530.098,75087.856,0.435886,0.000101,0.435886,0.435886,nobal_float4_nonsplit,5,nobal_float_nonsplit=ok;nobal_float2_nonsplit=ok;nobal_float4_nonsplit=ok;bal_float_nonsplit=dtc_no_strictly_correct_variant;nobal_float2_split=ok,True,0.01059722900390625,,
com-Amazon,Community,334863,1851744,128,DTC_TCA_REORDER,66eca266bde1f3faf5f8ef7a054db2391b50e27d,591056.143,4.549,24.597,24574.917,136301.259,0.796459,0.000193,3.007067,2.097637,nobal_float4_nonsplit,7,nobal_float_nonsplit=ok;nobal_float2_nonsplit=ok;nobal_float4_nonsplit=ok;bal_float_nonsplit=dtc_no_strictly_correct_variant;nobal_float2_split=ok;nobal_float4_split=ok;bal_float4_split=dtc_no_strictly_correct_variant,True,0.0119171142578125,,
com-Amazon,Community,334863,1851744,256,DTC_TCA_REORDER,66eca266bde1f3faf5f8ef7a054db2391b50e27d,591056.143,4.626,49.671,49651.63,215988.036,1.519817,0.000308,5.360809,7.276434,nobal_float4_split,7,nobal_float_nonsplit=ok;nobal_float2_nonsplit=ok;nobal_float4_nonsplit=ok;bal_float_nonsplit=dtc_no_strictly_correct_variant;nobal_float2_split=ok;nobal_float4_split=ok;bal_float4_split=dtc_no_strictly_correct_variant,True,0.015483856201171875,,
com-Amazon,Community,334863,1851744,512,DTC_TCA_REORDER,66eca266bde1f3faf5f8ef7a054db2391b50e27d,591056.143,4.776,115.717,115688.451,423683.912,2.95717,0.000374,5.107609,5.795646,nobal_float4_split,7,nobal_float_nonsplit=ok;nobal_float2_nonsplit=ok;nobal_float4_nonsplit=ok;bal_float_nonsplit=dtc_no_strictly_correct_variant;nobal_float2_split=ok;nobal_float4_split=ok;bal_float4_split=dtc_no_strictly_correct_variant,True,0.01580047607421875,,
com-youtube,Community,1157828,5975248,64,DTC_TCA_REORDER,unknown,,,,,,,,,,,,,,,reorder_failed,reorder_failed: rc=-6 detail=reach row:  1000
com-youtube,Community,1157828,5975248,128,DTC_TCA_REORDER,unknown,,,,,,,,,,,,,,,reorder_failed,reorder_failed: rc=-6 detail=reach row:  1000
com-youtube,Community,1157828,5975248,256,DTC_TCA_REORDER,unknown,,,,,,,,,,,,,,,reorder_failed,reorder_failed: rc=-6 detail=reach row:  1000
Cora,Mixed/Irregular,2708,10556,64,DTC_TCA_REORDER,66eca266bde1f3faf5f8ef7a054db2391b50e27d,11844.947,1.541,0.526,530.093,14359.19,0.018687,0.000158,0.217752,0.46122,nobal_float2_nonsplit,5,nobal_float_nonsplit=ok;nobal_float2_nonsplit=ok;nobal_float4_nonsplit=ok;bal_float_nonsplit=dtc_no_strictly_correct_variant;nobal_float2_split=ok,True,0.006670951843261719,,
Cora,Mixed/Irregular,2708,10556,128,DTC_TCA_REORDER,66eca266bde1f3faf5f8ef7a054db2391b50e27d,11844.947,1.433,0.747,752.749,19479.242,0.019097,0.000147,0.34862,0.411112,nobal_float2_split,7,nobal_float_nonsplit=ok;nobal_float2_nonsplit=ok;nobal_float4_nonsplit=ok;bal_float_nonsplit=dtc_no_strictly_correct_variant;nobal_float2_split=ok;nobal_float4_split=ok;bal_float4_split=dtc_no_strictly_correct_variant,True,0.009715080261230469,,
Cora,Mixed/Irregular,2708,10556,256,DTC_TCA_REORDER,66eca266bde1f3faf5f8ef7a054db2391b50e27d,11844.947,1.415,0.904,911.015,20268.361,0.022535,0.00018,0.276282,0.109447,nobal_float2_split,7,nobal_float_nonsplit=ok;nobal_float2_nonsplit=ok;nobal_float4_nonsplit=ok;bal_float_nonsplit=dtc_no_strictly_correct_variant;nobal_float2_split=ok;nobal_float4_split=ok;bal_float4_split=dtc_no_strictly_correct_variant,True,0.008899688720703125,,
Cora,Mixed/Irregular,2708,10556,512,DTC_TCA_REORDER,66eca266bde1f3faf5f8ef7a054db2391b50e27d,11844.947,1.438,1.525,1548.656,22248.64,0.031871,9.4e-05,0.031871,0.528262,nobal_float2_split,7,nobal_float_nonsplit=ok;nobal_float2_nonsplit=ok;nobal_float4_nonsplit=ok;bal_float_nonsplit=dtc_no_strictly_correct_variant;nobal_float2_split=ok;nobal_float4_split=ok;bal_float4_split=dtc_no_strictly_correct_variant,True,0.0072803497314453125,,
CiteSeer,Mixed/Irregular,3327,9104,64,DTC_TCA_REORDER,66eca266bde1f3faf5f8ef7a054db2391b50e27d,13254.017,1.438,0.381,384.56,19662.199,0.013132,0.000178,0.106112,0.470636,nobal_float2_split,5,nobal_float_nonsplit=ok;nobal_float2_nonsplit=ok;nobal_float4_nonsplit=ok;bal_float_nonsplit=dtc_no_strictly_correct_variant;nobal_float2_split=ok,True,0.0061798095703125,,
CiteSeer,Mixed/Irregular,3327,9104,128,DTC_TCA_REORDER,66eca266bde1f3faf5f8ef7a054db2391b50e27d,13254.017,1.428,0.554,559.714,28320.688,0.014348,9.1e-05,0.014348,0.083032,nobal_float2_split,7,nobal_float_nonsplit=ok;nobal_float2_nonsplit=ok;nobal_float4_nonsplit=ok;bal_float_nonsplit=dtc_no_strictly_correct_variant;nobal_float2_split=ok;nobal_float4_split=ok;bal_float4_split=dtc_no_strictly_correct_variant,True,0.005420684814453125,,
CiteSeer,Mixed/Irregular,3327,9104,256,DTC_TCA_REORDER,66eca266bde1f3faf5f8ef7a054db2391b50e27d,13254.017,1.446,0.798,803.419,20070.639,0.018892,0.00027,0.418866,0.230882,nobal_float2_split,7,nobal_float_nonsplit=ok;nobal_float2_nonsplit=ok;nobal_float4_nonsplit=ok;bal_float_nonsplit=dtc_no_strictly_correct_variant;nobal_float2_split=ok;nobal_float4_split=ok;bal_float4_split=dtc_no_strictly_correct_variant,True,0.0073451995849609375,,
CiteSeer,Mixed/Irregular,3327,9104,512,DTC_TCA_REORDER,66eca266bde1f3faf5f8ef7a054db2391b50e27d,13254.017,1.489,1.181,1186.361,25106.246,0.028166,0.000105,0.652601,0.085532,nobal_float2_split,7,nobal_float_nonsplit=ok;nobal_float2_nonsplit=ok;nobal_float4_nonsplit=ok;bal_float_nonsplit=dtc_no_strictly_correct_variant;nobal_float2_split=ok;nobal_float4_split=ok;bal_float4_split=dtc_no_strictly_correct_variant,True,0.0077877044677734375,,
PPI,Mixed/Irregular,1767,32318,64,DTC_TCA_REORDER,66eca266bde1f3faf5f8ef7a054db2391b50e27d,10820.051,2.326,1.359,1401.073,18911.841,0.050913,0.000222,0.050913,0.050913,nobal_float2_split,5,nobal_float_nonsplit=ok;nobal_float2_nonsplit=ok;nobal_float4_nonsplit=ok;bal_float_nonsplit=dtc_no_strictly_correct_variant;nobal_float2_split=ok,True,0.01140594482421875,,
PPI,Mixed/Irregular,1767,32318,128,DTC_TCA_REORDER,66eca266bde1f3faf5f8ef7a054db2391b50e27d,10820.051,2.381,1.897,1922.804,30562.98,0.052393,0.0001,0.052393,0.052393,nobal_float2_split,7,nobal_float_nonsplit=ok;nobal_float2_nonsplit=ok;nobal_float4_nonsplit=ok;bal_float_nonsplit=dtc_no_strictly_correct_variant;nobal_float2_split=ok;nobal_float4_split=ok;bal_float4_split=dtc_no_strictly_correct_variant,True,0.012917041778564453,,
PPI,Mixed/Irregular,1767,32318,256,DTC_TCA_REORDER,66eca266bde1f3faf5f8ef7a054db2391b50e27d,10820.051,2.393,2.122,2159.916,22927.918,0.05459,0.000138,0.398859,0.442763,nobal_float2_split,7,nobal_float_nonsplit=ok;nobal_float2_nonsplit=ok;nobal_float4_nonsplit=ok;bal_float_nonsplit=dtc_no_strictly_correct_variant;nobal_float2_split=ok;nobal_float4_split=ok;bal_float4_split=dtc_no_strictly_correct_variant,True,0.011134147644042969,,
PPI,Mixed/Irregular,1767,32318,512,DTC_TCA_REORDER,66eca266bde1f3faf5f8ef7a054db2391b50e27d,10820.051,2.528,3.068,3123.945,27788.431,0.069817,8.9e-05,1.398149,0.717137,nobal_float2_split,7,nobal_float_nonsplit=ok;nobal_float2_nonsplit=ok;nobal_float4_nonsplit=ok;bal_float_nonsplit=dtc_no_strictly_correct_variant;nobal_float2_split=ok;nobal_float4_split=ok;bal_float4_split=dtc_no_strictly_correct_variant,True,0.013185262680053711,,
Flickr,Mixed/Irregular,89250,899756,64,DTC_TCA_REORDER,66eca266bde1f3faf5f8ef7a054db2391b50e27d,618580.008,14.195,18.093,18144.656,66720.631,0.719493,0.000202,1.221446,3.132298,nobal_float2_nonsplit,5,nobal_float_nonsplit=ok;nobal_float2_nonsplit=ok;nobal_float4_nonsplit=ok;bal_float_nonsplit=dtc_no_strictly_correct_variant;nobal_float2_split=ok,True,0.052417755126953125,,
Flickr,Mixed/Irregular,89250,899756,128,DTC_TCA_REORDER,66eca266bde1f3faf5f8ef7a054db2391b50e27d,618580.008,14.128,28.126,28184.715,98121.214,0.834681,0.000918,4.66504,1.115259,nobal_float2_split,7,nobal_float_nonsplit=ok;nobal_float2_nonsplit=ok;nobal_float4_nonsplit=ok;bal_float_nonsplit=dtc_no_strictly_correct_variant;nobal_float2_split=ok;nobal_float4_split=ok;bal_float4_split=dtc_no_strictly_correct_variant,True,0.04211616516113281,,
Flickr,Mixed/Irregular,89250,899756,256,DTC_TCA_REORDER,66eca266bde1f3faf5f8ef7a054db2391b50e27d,618580.008,14.745,39.581,39603.763,135189.033,1.232039,0.00069,1.232039,1.232039,nobal_float2_split,7,nobal_float_nonsplit=ok;nobal_float2_nonsplit=ok;nobal_float4_nonsplit=ok;bal_float_nonsplit=dtc_no_strictly_correct_variant;nobal_float2_split=ok;nobal_float4_split=ok;bal_float4_split=dtc_no_strictly_correct_variant,True,0.04301643371582031,,
Flickr,Mixed/Irregular,89250,899756,512,DTC_TCA_REORDER,66eca266bde1f3faf5f8ef7a054db2391b50e27d,618580.008,15.426,67.055,67061.556,228491.804,2.00832,0.000239,3.647358,3.240741,nobal_float4_nonsplit,7,nobal_float_nonsplit=ok;nobal_float2_nonsplit=ok;nobal_float4_nonsplit=ok;bal_float_nonsplit=dtc_no_strictly_correct_variant;nobal_float2_split=ok;nobal_float4_split=ok;bal_float4_split=dtc_no_strictly_correct_variant,True,0.0584259033203125,,
